stock,shares_out
1101,7523181742.0
1102,3546562881.0
1103,832874553.0
1104,686681816.0
1108,404738049.0
1109,341158868.0
1110,572000797.0
1201,506062914.0
1203,240000000.0
1210,894767222.0
1213,56622627.0
1215,294790098.0
1216,5682015421.0
1217,494513336.0
1218,499999038.0
1219,341238364.0
1220,177077944.0
1225,242268306.0
1227,915089591.0
1229,1795960668.0
1231,298454475.0
1232,159974915.0
1233,90591948.0
1234,401871094.0
1235,188577836.0
1236,86674008.0
1256,35774804.0
1301,6365740781.0
1303,7930821589.0
1304,1188763500.0
1305,581050494.0
1307,397818126.0
1308,593743919.0
1309,397586848.0
1310,527869764.0
1312,1106620328.0
1313,1330846107.0
1314,3784850130.0
1315,99099000.0
1316,401646150.0
1319,591477068.0
1321,227228268.0
1323,91274554.0
1324,75121882.0
1325,85281198.0
1326,5861186291.0
1337,268954729.0
1338,83840000.0
1339,74123875.0
1340,152922855.0
1341,52850634.0
1342,78000902.0
1402,5352875227.0
1409,1618409286.0
1410,62000000.0
1413,132112454.0
1414,198000000.0
1416,185342168.0
1417,189941840.0
1418,56834309.0
1419,300041280.0
1423,99648000.0
1432,108000000.0
1434,1684664637.0
1435,139780080.0
1436,194151795.0
1437,201871284.0
1438,111205759.0
1439,92000000.0
1440,1656815857.0
1441,71744387.0
1442,366211358.0
1443,135343011.0
1444,995595059.0
1445,130666034.0
1446,137709513.0
1447,910071242.0
1449,127114572.0
1451,198000000.0
1452,132641400.0
1453,113243048.0
1454,129833848.0
1455,531688380.0
1456,93720000.0
1457,316730022.0
1459,268971680.0
1460,694643484.0
1463,173268381.0
1464,425575733.0
1465,103607267.0
1466,111157320.0
1467,233624667.0
1468,160405244.0
1470,85767000.0
1471,150414536.0
1472,52488082.0
1473,146153534.0
1474,129896969.0
1475,66016749.0
1476,274367111.0
1477,246693713.0
1503,520972223.0
1504,2376440684.0
1506,300388501.0
1512,98183498.0
1513,503112515.0
1514,273108473.0
1515,181473500.0
1516,40008195.0
1517,220000007.0
1519,315880844.0
1521,76230000.0
1522,312897881.0
1524,165310397.0
1525,73400135.0
1526,60000000.0
1527,138570640.0
1528,191331000.0
1529,155095074.0
1530,94594171.0
1531,182108080.0
1532,422604271.0
1533,98547486.0
1535,123742552.0
1536,278959513.0
1537,82062794.0
1538,32300000.0
1539,65370000.0
1540,85473612.0
1541,78800000.0
1558,64535631.0
1560,148925271.0
1563,225608140.0
1568,103086559.0
1582,144268604.0
1583,109400372.0
1587,80055672.0
1589,153135941.0
1590,199999998.0
1597,89261804.0
1598,179142092.0
1603,191688000.0
1604,384200000.0
1605,4431332948.0
1608,632773506.0
1609,785261944.0
1611,322735742.0
1612,316080063.0
1614,269113406.0
1615,196663702.0
1616,194148515.0
1617,169514700.0
1618,192691747.0
1623,66000000.0
1626,149821721.0
1702,294132962.0
1707,148137373.0
1708,249001651.0
1709,477016272.0
1710,885703029.0
1711,547752226.0
1712,420492585.0
1713,150951700.0
1714,991824808.0
1717,1172245483.0
1718,1685905745.0
1720,178696089.0
1721,184884092.0
1722,980000000.0
1723,236904480.0
1725,181829978.0
1726,162000000.0
1727,128019559.0
1730,63233851.0
1731,132915244.0
1732,42443957.0
1733,99950192.0
1734,190196774.0
1735,99388000.0
1736,303394617.0
1737,200000000.0
1752,100988472.0
1760,85739013.0
1762,76918000.0
1773,300000000.0
1776,60106952.0
1783,89698115.0
1786,74827641.0
1789,790739222.0
1795,266873812.0
1802,2908060800.0
1805,134970455.0
1806,390403870.0
1808,893031743.0
1809,167041937.0
1810,302303719.0
1817,72600000.0
1903,260039121.0
1904,1108274522.0
1905,1102835316.0
1906,151000000.0
1907,1660371495.0
1909,1327685727.0
2002,15734860997.0
2006,730213818.0
2007,530651613.0
2008,190852293.0
2009,359622165.0
2010,647655390.0
2012,302162700.0
2013,200000000.0
2014,1435544446.0
2015,581599424.0
2017,446874691.0
2020,267031320.0
2022,337168138.0
2023,1841240214.0
2024,97500000.0
2025,172660536.0
2027,2584260615.0
2028,325714800.0
2029,321180000.0
2030,280526027.0
2031,321146341.0
2032,130521545.0
2033,80694536.0
2034,528995589.0
2038,194134303.0
2049,353792240.0
2059,95297072.0
2062,199994152.0
2069,166386836.0
2072,192000000.0
2101,733934904.0
2102,473329207.0
2103,825709978.0
2104,984733625.0
2105,3241415536.0
2106,954890000.0
2107,303593400.0
2108,492416659.0
2109,279349134.0
2114,77991707.0
2115,104373163.0
2201,1070001251.0
2204,553620342.0
2206,773675604.0
2207,557102768.0
2208,1274539449.0
2211,417091463.0
2227,300000000.0
2228,79779692.0
2231,135931870.0
2233,60288089.0
2236,63130935.0
2239,117712593.0
2241,104602306.0
2243,77373596.0
2247,80708735.0
2248,47600000.0
2250,36388226.0
2254,63907680.0
2258,1751076800.0
2301,2316107763.0
2302,166302881.0
2303,12576984870.0
2305,205660827.0
2308,2597543329.0
2312,1505781211.0
2313,1191820589.0
2314,106126422.0
2316,182740536.0
2317,14028648626.0
2321,30271929.0
2323,1089348328.0
2324,4407146625.0
2327,2071465484.0
2328,518346282.0
2329,658948333.0
2330,25932370067.0
2331,557402968.0
2332,602170373.0
2337,1981308820.0
2338,366849183.0
2340,438622846.0
2342,157474744.0
2344,4500000193.0
2345,561117897.0
2347,1667946968.0
2348,151898853.0
2349,693679663.0
2351,182140249.0
2352,1580506505.0
2353,3047853828.0
2354,1414485192.0
2355,397495420.0
2356,3587475066.0
2357,742760280.0
2359,171471052.0
2360,425245742.0
2362,622263000.0
2363,514988161.0
2364,52388648.0
2365,221528496.0
2367,706253175.0
2368,517046936.0
2369,380102344.0
2371,2150834851.0
2373,236202518.0
2374,337992133.0
2375,108675334.0
2376,669888886.0
2377,844856199.0
2379,515512641.0
2380,60000000.0
2382,3862627432.0
2383,358321114.0
2385,765721188.0
2387,195251051.0
2388,555935941.0
2390,192619442.0
2392,512326940.0
2393,443393086.0
2395,868254487.0
2397,114488857.0
2399,178100000.0
2401,591994919.0
2402,307536533.0
2404,190586698.0
2405,343427303.0
2406,350905689.0
2408,3450205894.0
2409,7547098972.0
2412,7757446545.0
2413,127359200.0
2414,161735846.0
2415,90000000.0
2417,157218864.0
2419,321317229.0
2420,152648688.0
2421,286943669.0
2423,145047289.0
2424,59585000.0
2425,96498831.0
2426,300622252.0
2427,197999573.0
2428,128112726.0
2429,85500000.0
2430,116800000.0
2431,110927014.0
2432,61860000.0
2433,144496011.0
2434,37000000.0
2436,200093175.0
2438,71195641.0
2439,253644914.0
2440,139117271.0
2441,568845921.0
2442,325232021.0
2444,101569573.0
2449,1222745065.0
2450,258252657.0
2451,431345675.0
2453,100000000.0
2454,1603895407.0
2455,184905918.0
2457,424772416.0
2458,303880392.0
2459,105595615.0
2460,169200000.0
2461,191887963.0
2462,150784482.0
2464,206431226.0
2465,93946031.0
2466,173458697.0
2467,156755348.0
2468,69961249.0
2471,47253890.0
2472,164735137.0
2474,538821068.0
2476,218080998.0
2477,158573244.0
2478,144731339.0
2480,106360291.0
2481,382114927.0
2482,77882711.0
2483,107889807.0
2484,159421022.0
2485,317689037.0
2486,233958579.0
2488,79999433.0
2489,610000000.0
2491,82008000.0
2492,485204774.0
2493,126796629.0
2495,273551538.0
2496,19100440.0
2497,130887676.0
2498,836065086.0
2501,1159561059.0
2504,1180000000.0
2505,380000000.0
2506,387000000.0
2509,224550530.0
2511,1623326147.0
2514,394729278.0
2515,1607904084.0
2516,226278457.0
2520,609487110.0
2524,365983545.0
2527,270306000.0
2528,435996467.0
2530,841255731.0
2534,474227970.0
2535,270793967.0
2536,332808652.0
2537,300557795.0
2538,445025495.0
2539,1193102581.0
2540,944873965.0
2542,2173083539.0
2543,528541961.0
2545,379734808.0
2546,130524193.0
2547,1035094649.0
2548,319718697.0
2597,310716000.0
2601,824776067.0
2603,2165042996.0
2605,585353297.0
2606,845055712.0
2607,533570547.0
2608,467000498.0
2609,3492104270.0
2610,6119964937.0
2611,189002272.0
2612,197484593.0
2613,148423458.0
2614,327264946.0
2615,2806146293.0
2616,137281827.0
2617,417294487.0
2618,5400444335.0
2630,209438204.0
2633,5628293058.0
2634,941867101.0
2636,141835230.0
2637,746409199.0
2642,95467000.0
2645,374570962.0
2646,3008735000.0
2701,449967838.0
2702,156613249.0
2704,366923343.0
2705,191312830.0
2706,499998346.0
2707,127403238.0
2712,105000000.0
2722,143169696.0
2723,180000000.0
2727,82940109.0
2731,93277739.0
2739,91526000.0
2748,105778740.0
2753,66644796.0
2762,112500000.0
2801,11766046253.0
2812,6021625921.0
2816,223608000.0
2820,1342960000.0
2832,253540280.0
2834,9718061849.0
2836,1839916985.0
2838,4340551779.0
2845,4865284731.0
2849,1957609349.0
2850,315963300.0
2851,800388750.0
2852,301163784.0
2855,1601414478.0
2867,5899501044.0
2880,13916965089.0
2881,14007364952.0
2882,14669210128.0
2883,16974847040.0
2884,16192000000.0
2885,13331149946.0
2886,14833378282.0
2887,24866399230.0
2889,3633563471.0
2890,14492322275.0
2891,19676898381.0
2892,14379468650.0
2897,2805357878.0
2901,73043283.0
2903,1416940589.0
2904,77834432.0
2905,1110371703.0
2906,209116648.0
2908,509887558.0
2910,175403000.0
2911,105125999.0
2912,1039622255.0
2913,790000000.0
2915,1104318772.0
2923,1740296982.0
2929,109493838.0
2939,45548665.0
2945,67500000.0
3002,102000000.0
3003,155654890.0
3004,64258355.0
3005,624310150.0
3006,298127841.0
3008,130798197.0
3010,259436817.0
3011,129600851.0
3013,205138930.0
3014,165979124.0
3015,187261950.0
3016,288541819.0
3017,392543007.0
3018,75377715.0
3019,279243901.0
3021,94890000.0
3022,176597790.0
3023,240069014.0
3024,277157496.0
3025,56736440.0
3026,165890318.0
3027,129960299.0
3028,237241193.0
3029,167005212.0
3030,236216000.0
3031,173203224.0
3032,113285626.0
3033,480683741.0
3034,608511469.0
3035,260550313.0
3036,1269148301.0
3037,1588872956.0
3038,157407603.0
3040,66224538.0
3041,140223647.0
3042,342992971.0
3043,38975634.0
3044,525605898.0
3045,3723261811.0
3046,78448013.0
3047,224761608.0
3048,269829794.0
3049,802010529.0
3050,154984450.0
3051,167000000.0
3052,233245771.0
3054,80651041.0
3055,114974918.0
3056,480555051.0
3057,67864629.0
3058,201722779.0
3059,307702025.0
3060,137563190.0
3062,330091818.0
3090,287567150.0
3092,106649250.0
3094,83117089.0
3130,33190700.0
3135,90071491.0
3138,51736226.0
3149,226233604.0
3150,44377001.0
3164,86010364.0
3167,88505172.0
3168,75099649.0
3189,526915760.0
3209,235391189.0
3229,64263000.0
3231,3180412250.0
3257,79823590.0
3266,352314309.0
3296,96724450.0
3305,144635669.0
3308,60000000.0
3311,100000000.0
3312,182626815.0
3321,86113769.0
3338,87908141.0
3346,121228352.0
3356,80541672.0
3376,195763822.0
3380,541718460.0
3406,112743063.0
3413,110762280.0
3416,80493769.0
3419,120480417.0
3432,42230000.0
3437,144548000.0
3443,134011911.0
3447,77449120.0
3450,145681382.0
3481,7989197337.0
3494,94800000.0
3501,118257927.0
3504,114059785.0
3515,123544049.0
3518,102467230.0
3528,66639216.0
3530,77475900.0
3532,387848300.0
3533,112534691.0
3535,79052356.0
3543,110263150.0
3545,222456016.0
3550,107550000.0
3557,84315435.0
3563,63960858.0
3576,1627795375.0
3583,80346080.0
3588,61993182.0
3591,145386835.0
3592,75855226.0
3593,60825449.0
3596,220354321.0
3605,174697441.0
3607,121662239.0
3617,94766049.0
3622,151327600.0
3645,136754207.0
3652,75097500.0
3653,146732803.0
3661,86204722.0
3665,195078405.0
3669,92919950.0
3673,406663759.0
3679,63022229.0
3686,76495118.0
3694,154929208.0
3701,236637616.0
3702,1683620699.0
3703,823215980.0
3704,415444970.0
3705,266422983.0
3706,1327212468.0
3708,92105384.0
3711,4460833082.0
3712,246242146.0
3714,737940460.0
3715,283574584.0
3716,149765614.0
3717,207845445.0
4104,188367456.0
4106,100911557.0
4108,198618879.0
4119,119508634.0
4133,60553594.0
4137,82492350.0
4142,429507750.0
4148,67235701.0
4155,144684164.0
4164,195310989.0
4169,66431612.0
4178,215866981.0
4190,61444112.0
4195,80000057.0
4306,676757216.0
4414,263795773.0
4426,172677198.0
4438,113425455.0
4439,38115163.0
4440,67598000.0
4441,68175578.0
4526,254826461.0
4532,494895105.0
4536,90820000.0
4540,115186724.0
4545,77000000.0
4551,115222498.0
4552,116000000.0
4555,69987653.0
4557,47971840.0
4560,68097240.0
4562,87546000.0
4564,232788303.0
4566,109993047.0
4569,30600000.0
4571,53017115.0
4572,40000000.0
4576,119801848.0
4581,33899000.0
4582,75480000.0
4583,80171351.0
4585,104609000.0
4588,42985000.0
4590,54838400.0
4720,114516037.0
4722,102784914.0
4736,95374469.0
4737,77285253.0
4739,124649269.0
4746,120255963.0
4755,100706000.0
4763,989146670.0
4764,85542062.0
4766,120570780.0
4770,79976000.0
4771,58708700.0
4807,48996032.0
4904,3607705357.0
4906,436353471.0
4912,66993099.0
4915,471880824.0
4916,123714073.0
4919,419765268.0
4927,264937988.0
4930,80000000.0
4934,225000000.0
4935,128864091.0
4938,2682044103.0
4942,142367613.0
4943,126694353.0
4949,67703143.0
4952,108815816.0
4956,100408236.0
4958,1108887604.0
4960,571705388.0
4961,121253603.0
4967,84963288.0
4968,92209898.0
4976,141351000.0
4977,82689841.0
4989,137776500.0
4994,66383400.0
4999,74417200.0
5007,294940154.0
5203,79342550.0
5215,64337500.0
5222,91094968.0
5225,79136499.0
5234,102715911.0
5243,168528915.0
5244,68241899.0
5258,110364894.0
5269,74156679.0
5283,87600510.0
5284,52892683.0
5285,102040926.0
5288,69698722.0
5292,42108000.0
5306,126000772.0
5388,304342542.0
5434,193657655.0
5469,486166000.0
5471,167877062.0
5484,66801000.0
5515,201600084.0
5519,219197180.0
5521,492280155.0
5522,781596241.0
5525,318105378.0
5531,977589245.0
5533,285244944.0
5534,315325960.0
5538,201203333.0
5546,82353402.0
5607,370552913.0
5608,389276138.0
5706,84910920.0
5871,1711421161.0
5876,4861603140.0
5880,15680936914.0
5906,35741412.0
5907,195531000.0
6005,2170908097.0
6024,249937584.0
6108,154494311.0
6112,188357336.0
6115,187662154.0
6116,2858654851.0
6117,92545408.0
6120,598999602.0
6128,127588740.0
6133,117006294.0
6136,115536412.0
6139,235575724.0
6141,113354005.0
6142,330779215.0
6152,167738463.0
6153,636177694.0
6155,88023988.0
6164,80000000.0
6165,77752623.0
6166,217769257.0
6168,205761801.0
6176,465027263.0
6177,471891426.0
6183,150000000.0
6184,158230657.0
6189,263779657.0
6191,499303000.0
6192,96155770.0
6196,220329529.0
6197,122085882.0
6201,89200000.0
6202,230388200.0
6205,82235907.0
6206,143062324.0
6209,180462702.0
6213,363562218.0
6214,272243066.0
6215,82789693.0
6216,96981387.0
6224,85645361.0
6225,27800000.0
6226,115534789.0
6230,86343396.0
6235,199906306.0
6239,759146634.0
6243,45268841.0
6257,483912325.0
6269,323831481.0
6271,209058024.0
6272,81763948.0
6277,119471166.0
6278,292398353.0
6281,99172945.0
6282,856031294.0
6283,148981343.0
6285,483663719.0
6405,65800000.0
6409,88253566.0
6412,400769126.0
6414,145886397.0
6415,389452853.0
6416,73348460.0
6426,38509000.0
6431,97398835.0
6438,82206325.0
6442,80450155.0
6443,512796730.0
6446,381606370.0
6449,91886014.0
6451,114255536.0
6456,337939800.0
6464,128781532.0
6472,127741359.0
6477,123787196.0
6491,78000000.0
6504,72600000.0
6505,9525959652.0
6515,36038042.0
6525,129047384.0
6526,167505554.0
6531,162846540.0
6533,50650911.0
6534,102800000.0
6541,264993367.0
6550,894792688.0
6552,83000000.0
6558,93788875.0
6573,80499345.0
6579,169451221.0
6581,111270887.0
6582,106174141.0
6585,72133587.0
6589,306871174.0
6591,41122465.0
6592,623150493.0
6598,102819061.0
6605,165816397.0
6606,110303783.0
6614,80660521.0
6625,57972488.0
6641,36500000.0
6645,60864050.0
6655,80571817.0
6657,88808000.0
6658,36370000.0
6666,47388000.0
6668,107116087.0
6669,185840791.0
6670,139386973.0
6671,60750000.0
6672,81620212.0
6674,68550659.0
6689,68000000.0
6691,121487209.0
6695,106477650.0
6698,66389753.0
6706,78548865.0
6715,67114944.0
6719,105483989.0
6722,88400000.0
6742,71267948.0
6743,150000000.0
6753,117253224.0
6754,66000000.0
6756,69990000.0
6757,459530000.0
6768,200095061.0
6770,4663803715.0
6771,31179500.0
6776,91581430.0
6781,85418780.0
6782,63000000.0
6789,318299119.0
6790,267129021.0
6792,47875325.0
6794,63637000.0
6796,40233970.0
6799,43652193.0
6805,68553896.0
6807,54000000.0
6830,53446888.0
6831,67500000.0
6834,88471082.0
6835,66172297.0
6838,150977100.0
6854,117678622.0
6861,41599250.0
6862,50000000.0
6863,74888000.0
6869,137830041.0
6873,142649099.0
6885,133061000.0
6887,74175512.0
6890,250295804.0
6901,852860000.0
6902,35529948.0
6906,33537400.0
6908,37180000.0
6909,67222200.0
6914,66226000.0
6916,67500000.0
6918,34571000.0
6919,1557267860.0
6921,31836941.0
6923,91488000.0
6924,20624000.0
6928,86000000.0
6931,66152160.0
6933,42418133.0
6934,35972762.0
6936,72804000.0
6937,67655263.0
6944,76687912.0
6949,65580050.0
6951,46000000.0
6952,68345000.0
6955,24800785.0
6957,55512950.0
6958,401289360.0
6962,492396565.0
6965,156336000.0
6969,43857189.0
6988,47600000.0
6994,74162071.0
7610,48585456.0
7631,20142000.0
7705,66067304.0
7711,71700445.0
7721,55370000.0
7722,68000000.0
7730,36796731.0
7732,64680000.0
7736,76000000.0
7740,53200000.0
7749,46485728.0
7750,71843000.0
7760,66048000.0
7765,40681000.0
7768,70065000.0
7769,179930000.0
7780,810024170.0
7786,175953944.0
7788,79745993.0
7791,80000000.0
7795,78828500.0
7799,157995500.0
7803,94412888.0
7818,167946000.0
7821,121913300.0
7822,45560763.0
7823,33490890.0
7827,139972262.0
8011,165921891.0
8016,120136876.0
8021,145042467.0
8028,179491729.0
8033,164629775.0
8039,263668994.0
8045,95041815.0
8046,646165487.0
8070,725648455.0
8072,80000000.0
8081,86172072.0
8101,52166216.0
8103,78436671.0
8104,104058192.0
8105,441544851.0
8110,517739876.0
8112,525291698.0
8114,76487772.0
8131,442222223.0
8150,704523126.0
8162,68702000.0
8163,280000001.0
8201,62366275.0
8210,125319146.0
8213,271242488.0
8215,320674514.0
8222,68573500.0
8249,137824500.0
8261,118878393.0
8271,129614266.0
8341,130000000.0
8367,92172031.0
8374,112250487.0
8404,419933884.0
8411,218404319.0
8422,1357391830.0
8429,185747151.0
8438,69943000.0
8442,70169764.0
8443,66800000.0
8454,264975275.0
8462,80386616.0
8463,150000000.0
8464,293020200.0
8466,79825628.0
8467,48373575.0
8473,181198446.0
8476,166226358.0
8478,93972276.0
8481,66601866.0
8482,107444000.0
8487,26535000.0
8488,73500000.0
8499,41165557.0
8926,830282000.0
8940,67491032.0
8996,93387429.0
9103,549411240.0
910322,5620600000.0
9105,10450002831.0
910861,1673607386.0
9110,907680000.0
911608,480000000.0
911622,596748900.0
911868,2109163417.0
912000,2362546300.0
9136,1200008445.0
9802,200991673.0
9902,98049600.0
9904,2946787213.0
9905,305000000.0
9906,90376358.0
9907,1579145342.0
9908,516358000.0
9910,987482831.0
9911,222389584.0
9912,54170569.0
9914,298983800.0
9917,451197093.0
9918,180537453.0
9919,195362750.0
9921,392065395.0
9924,150761736.0
9925,387489605.0
9926,179504075.0
9927,120000000.0
9928,70724583.0
9929,101280000.0
9930,248540368.0
9931,120369303.0
9933,944437034.0
9934,411016962.0
9935,177838926.0
9937,309043000.0
9938,297963902.0
9939,295786475.0
9940,736846500.0
9941,575636346.0
9942,83161320.0
9943,125171510.0
9944,105908100.0
9945,2844225086.0
9946,326554150.0
9955,104435829.0
9958,246896665.0
1240,44232373.0
1259,32389500.0
1264,37052367.0
1268,42223730.0
1294,30571563.0
1295,34474800.0
1336,77614419.0
1565,50416516.0
1569,144247441.0
1570,51500839.0
1580,49339242.0
1584,232470533.0
1586,106849467.0
1591,38048047.0
1593,39784772.0
1595,54199480.0
1599,73028764.0
1742,92671300.0
1777,44591713.0
1780,109075173.0
1781,47407605.0
1784,53121191.0
1785,595980243.0
1788,44520971.0
1796,41459793.0
1799,124689527.0
1813,46635510.0
1815,585479487.0
2035,350000000.0
2061,57378052.0
2063,48101453.0
2064,69330000.0
2065,63516707.0
2066,44449527.0
2067,45138177.0
2070,41782800.0
2073,27500000.0
2221,42325000.0
2230,68029605.0
2235,35878000.0
2596,100000000.0
2640,59264956.0
2641,330333744.0
2643,35000000.0
2718,87576000.0
2719,69182500.0
2724,59656345.0
2726,37922454.0
2729,43040783.0
2732,46518570.0
2734,57259760.0
2736,79972230.0
2740,16762016.0
2743,46815210.0
2745,33808526.0
2751,19765000.0
2752,26693861.0
2754,46867000.0
2755,37374246.0
2756,24597584.0
2916,64626878.0
2924,52035934.0
2926,47389650.0
2937,43541975.0
2941,15390000.0
2947,21493060.0
2948,31000000.0
2949,30641100.0
3064,13011451.0
3066,83070612.0
3067,20000000.0
3071,110000000.0
3073,39511028.0
3078,227391064.0
3081,92517277.0
3083,86486858.0
3085,69019288.0
3086,272710510.0
3088,108649017.0
3093,145155576.0
3095,10000000.0
3105,423940384.0
3114,65129792.0
3115,72197615.0
3118,32452860.0
3122,40764826.0
3128,47317489.0
3131,29216015.0
3141,75460728.0
3147,43686831.0
3152,39016200.0
3158,30478425.0
3162,154341112.0
3163,80540741.0
3169,63306981.0
3171,33118158.0
3176,139306755.0
3178,45050000.0
3188,188332168.0
3191,43597381.0
3205,67545631.0
3206,58916621.0
3207,66422124.0
3211,154305021.0
3213,58685547.0
3217,90104203.0
3218,84724899.0
3219,71780880.0
3221,105062110.0
3224,78172648.0
3226,64430573.0
3227,151938122.0
3228,71937495.0
3230,86010900.0
3232,46567865.0
3234,111474692.0
3236,105000613.0
3252,50195754.0
3259,72965934.0
3260,325744048.0
3264,490170076.0
3265,136261659.0
3268,34720796.0
3272,61176789.0
3276,69712666.0
3284,108482473.0
3285,42735324.0
3287,43970483.0
3288,16380000.0
3289,86746371.0
3290,90215034.0
3293,281801560.0
3294,132015919.0
3297,36049445.0
3303,94090607.0
3306,50607702.0
3310,74948402.0
3313,221133831.0
3317,90000000.0
3322,137582157.0
3323,99403204.0
3324,93076837.0
3325,110168610.0
3332,48104246.0
3339,66568300.0
3349,46071648.0
3354,70112426.0
3357,114936971.0
3360,76402244.0
3362,147445475.0
3363,113640567.0
3372,175324000.0
3373,47618782.0
3374,271364316.0
3379,38041748.0
3388,74065542.0
3390,79329659.0
3402,73047692.0
3430,33716085.0
3434,35754740.0
3438,47165815.0
3441,40039920.0
3444,44996877.0
3455,59850750.0
3465,35329862.0
3466,77892073.0
3467,31106569.0
3479,72630164.0
3483,99049257.0
3484,78828189.0
3485,38500850.0
3489,90452155.0
3490,55006435.0
3491,68805125.0
3492,35531600.0
3498,61273008.0
3499,54970596.0
3508,104311737.0
3511,79972945.0
3512,113072372.0
3516,59560874.0
3520,68846778.0
3521,185765552.0
3522,104096209.0
3523,64257868.0
3526,65850865.0
3527,44445125.0
3529,74686492.0
3531,61175011.0
3537,56242979.0
3540,72458548.0
3541,56349142.0
3546,58427323.0
3548,67744175.0
3551,62274890.0
3552,97918334.0
3555,39998797.0
3556,63702844.0
3558,59060881.0
3564,59123100.0
3567,33954000.0
3570,17097000.0
3577,63965653.0
3580,39470657.0
3581,51006000.0
3587,69369988.0
3594,95948358.0
3597,39236440.0
3609,38419387.0
3611,47554634.0
3615,68466976.0
3623,29185946.0
3624,117340842.0
3625,114246765.0
3628,45000000.0
3629,32954782.0
3630,204191848.0
3631,81820909.0
3632,40889738.0
3646,39297371.0
3663,108494074.0
3664,75945377.0
3666,138949850.0
3672,40790375.0
3675,53057923.0
3680,96092609.0
3684,30302765.0
3685,79574000.0
3687,30060820.0
3689,89390991.0
3691,91883420.0
3693,42990694.0
3707,396471909.0
3709,125569450.0
3710,287250734.0
3713,88099380.0
4102,42373443.0
4105,248649959.0
4107,69298336.0
4109,118736681.0
4111,59832135.0
4113,231138137.0
4114,510175636.0
4116,44566000.0
4120,86747119.0
4121,83111045.0
4123,768111125.0
4126,72600000.0
4127,45760000.0
4128,588170597.0
4129,96437650.0
4130,137887530.0
4131,39790000.0
4138,39930000.0
4139,45009911.0
4147,273202425.0
4153,58668197.0
4154,38390000.0
4157,711833575.0
4160,26690334.0
4161,59808204.0
4162,145677640.0
4163,50679643.0
4166,243035089.0
4167,310444107.0
4168,112521318.0
4171,58057469.0
4173,74574355.0
4174,131579687.0
4175,42323307.0
4183,23800000.0
4188,63332900.0
4192,35164500.0
4198,24108000.0
4205,97649228.0
4207,198538008.0
4303,94605317.0
4304,61038065.0
4305,55014000.0
4401,122692012.0
4402,67991830.0
4406,51912000.0
4413,31314689.0
4416,73586213.0
4417,83971399.0
4419,169163133.0
4420,40455000.0
4430,56273609.0
4432,50589000.0
4433,61299774.0
4442,32341344.0
4502,57469686.0
4503,78313326.0
4506,177012000.0
4510,108977724.0
4513,143761921.0
4523,64949000.0
4527,76152370.0
4528,84165695.0
4529,84549096.0
4530,35794959.0
4533,158434110.0
4534,86788948.0
4535,75661740.0
4538,59469604.0
4541,67647068.0
4542,34586446.0
4543,59772300.0
4549,57002445.0
4550,37838783.0
4554,26327464.0
4556,42302840.0
4558,50000000.0
4561,58521619.0
4563,54950000.0
4568,31730125.0
4577,49137998.0
4580,46803109.0
4584,30002400.0
4609,47946820.0
4702,72333200.0
4706,79030093.0
4707,403715270.0
4711,61056000.0
4714,178088188.0
4716,94427191.0
4721,74986304.0
4726,207041800.0
4728,54463000.0
4729,79226741.0
4735,41568758.0
4741,34812079.0
4743,480409486.0
4744,56948450.0
4745,69705547.0
4747,45461032.0
4749,92732865.0
4754,30283215.0
4760,32218283.0
4767,31415000.0
4768,47487969.0
4772,147681552.0
4804,71991920.0
4806,99947092.0
4903,105343714.0
4905,29260044.0
4907,118145778.0
4908,78216907.0
4909,93356864.0
4911,63719568.0
4923,33890800.0
4924,37164409.0
4931,65565761.0
4933,82611675.0
4939,98200868.0
4946,8852816.0
4950,57729107.0
4951,34148713.0
4953,73147014.0
4966,78957788.0
4971,47185743.0
4972,56888587.0
4973,65292843.0
4974,72500104.0
4979,142359284.0
4991,121084726.0
4995,42592036.0
5009,602471197.0
5011,100673922.0
5013,133416000.0
5014,183265054.0
5015,60639189.0
5016,49622076.0
5201,38674600.0
5202,89094000.0
5205,13500000.0
5206,171517500.0
5209,28551345.0
5210,82177779.0
5211,32024727.0
5212,34633000.0
5213,721334326.0
5220,39667000.0
5223,44549781.0
5227,68000000.0
5228,38056253.0
5230,55976730.0
5236,60004038.0
5245,45127141.0
5251,33733377.0
5263,73936891.0
5272,55276118.0
5274,37802685.0
5276,39500000.0
5278,300000000.0
5287,60310550.0
5289,96337417.0
5291,39890606.0
5299,50888981.0
5301,65890304.0
5302,159888349.0
5309,230366063.0
5310,28943517.0
5312,60059898.0
5314,292000000.0
5315,106351832.0
5321,53179802.0
5324,226379090.0
5328,172710724.0
5340,194893964.0
5344,79447460.0
5345,37795000.0
5347,1879567550.0
5348,14775917.0
5351,328464781.0
5353,75765000.0
5355,166122792.0
5356,103040000.0
5364,63849940.0
5371,390981110.0
5381,207690562.0
5386,36080881.0
5392,176562145.0
5398,49465460.0
5403,78176123.0
5410,92284623.0
5425,263485486.0
5426,143800000.0
5432,20687804.0
5438,112536565.0
5439,92975752.0
5443,164746644.0
5450,122403239.0
5452,148763669.0
5455,65501813.0
5457,196428800.0
5460,58778130.0
5464,71071490.0
5465,147682629.0
5468,58922909.0
5474,39756944.0
5475,127127017.0
5478,156074332.0
5481,71402891.0
5483,641221651.0
5487,24222516.0
5488,91586124.0
5489,102706441.0
5490,96152201.0
5493,43689255.0
5498,193548545.0
5508,217428133.0
5511,113440000.0
5512,766312494.0
5514,236118280.0
5516,51545223.0
5520,59975245.0
5523,155001464.0
5529,105769350.0
5530,420084199.0
5536,124080930.0
5543,46703593.0
5547,45288000.0
5548,58529013.0
5601,64800000.0
5603,104876607.0
5604,108782968.0
5609,142884000.0
5701,143000000.0
5703,70239594.0
5704,58861658.0
5864,454495572.0
5878,25024303.0
5902,94500000.0
5903,223220000.0
5904,1064438260.0
5905,281623235.0
6015,393148274.0
6016,686595508.0
6020,252353154.0
6021,312230974.0
6023,319976288.0
6026,396161841.0
6028,25000000.0
6101,114618371.0
6103,13604891.0
6104,91127107.0
6109,87825414.0
6111,108511051.0
6113,52549455.0
6114,43911937.0
6118,90889573.0
6121,184970519.0
6122,78091632.0
6123,62089430.0
6124,182479945.0
6125,259011150.0
6126,129770908.0
6127,108079751.0
6129,180943675.0
6130,46300000.0
6134,81882117.0
6138,75635500.0
6140,54897760.0
6143,86058897.0
6144,38273701.0
6146,101867199.0
6147,744593539.0
6148,46603757.0
6150,48345985.0
6151,55257300.0
6154,80080000.0
6156,107875010.0
6158,55698288.0
6160,68489120.0
6161,56237477.0
6163,147279995.0
6167,146000000.0
6169,23394960.0
6170,97260038.0
6171,100000000.0
6173,171200000.0
6174,50000000.0
6175,150121812.0
6179,177324650.0
6180,175493573.0
6182,593601315.0
6185,149867531.0
6186,194907598.0
6187,98193385.0
6188,278358910.0
6190,186522441.0
6194,48000000.0
6195,50192942.0
6198,171400350.0
6199,61760018.0
6203,82401370.0
6204,23102080.0
6207,79679910.0
6208,94462343.0
6210,35048000.0
6212,102000000.0
6217,117210018.0
6218,64262000.0
6219,124967090.0
6220,146462640.0
6221,168591206.0
6222,95688878.0
6223,97981309.0
6227,76111786.0
6228,26000000.0
6229,40360700.0
6231,45652186.0
6233,81021896.0
6234,100386398.0
6236,41654039.0
6237,79645371.0
6240,22867370.0
6241,48700000.0
6242,31806500.0
6244,387041875.0
6245,146608303.0
6246,37851415.0
6248,99956149.0
6259,28056146.0
6261,128497989.0
6263,62500964.0
6264,136355291.0
6265,118172151.0
6266,153871641.0
6270,72145759.0
6274,288774637.0
6275,80023737.0
6276,22043000.0
6279,119015736.0
6284,148980341.0
6290,169500898.0
6291,42000000.0
6292,46600712.0
6294,26047106.0
6411,99497331.0
6417,42274000.0
6418,34522000.0
6419,13159170.0
6423,31016000.0
6425,50825252.0
6432,34367002.0
6435,37461300.0
6441,53318429.0
6461,178351761.0
6462,91250754.0
6465,47073685.0
6469,150053202.0
6470,37694100.0
6474,52526199.0
6482,28634463.0
6485,46906508.0
6486,50893286.0
6488,478113725.0
6492,89903620.0
6494,31559690.0
6496,47290220.0
6498,47164892.0
6499,96944893.0
6506,82360826.0
6508,86538864.0
6509,196543326.0
6510,32789022.0
6512,25260000.0
6516,56336935.0
6517,30579053.0
6523,45047625.0
6527,25458550.0
6530,33750000.0
6532,37445147.0
6535,167840825.0
6538,38022000.0
6542,42000630.0
6546,66848449.0
6547,328749050.0
6548,950464700.0
6556,28750000.0
6560,32474715.0
6561,77958370.0
6568,30799700.0
6569,39070745.0
6570,37119170.0
6574,21990000.0
6576,157540541.0
6577,60060145.0
6578,71941901.0
6584,70642956.0
6588,34700825.0
6590,24964038.0
6593,31856609.0
6596,38000000.0
6597,30042250.0
6603,167442946.0
6609,72456246.0
6612,47514584.0
6613,77801485.0
6615,21593400.0
6616,35478473.0
6617,127506100.0
6620,169981900.0
6624,22579482.0
6629,38379563.0
6637,26810000.0
6640,28517500.0
6642,37399662.0
6643,42090160.0
6649,42000000.0
6651,34601541.0
6654,40962720.0
6661,23304248.0
6662,25612400.0
6664,60806570.0
6667,49278878.0
6679,54975335.0
6680,23954210.0
6683,27557161.0
6684,44559496.0
6690,29999720.0
6692,58843890.0
6693,45720000.0
6697,27323364.0
6703,32983827.0
6708,29008779.0
6712,101763861.0
6716,30241814.0
6720,30225741.0
6721,22500000.0
6725,37130000.0
6727,26884177.0
6728,30120000.0
6730,36298151.0
6732,48912618.0
6733,134316026.0
6735,46182292.0
6739,23392500.0
6741,120577997.0
6751,22200000.0
6752,37144147.0
6761,34955867.0
6762,35171702.0
6763,184039130.0
6767,39183630.0
6785,66800000.0
6788,38739683.0
6791,20847000.0
6803,72794385.0
6804,47500000.0
6811,41449000.0
6821,31858507.0
6823,30533920.0
6829,59169000.0
6840,30741410.0
6841,95223000.0
6843,33304000.0
6844,37428440.0
6846,27066039.0
6855,23249716.0
6856,28200000.0
6859,41588600.0
6865,15840645.0
6870,23375562.0
6872,70750511.0
6874,22000000.0
6875,129182804.0
6877,46967122.0
6881,15000000.0
6884,18390000.0
6894,23800000.0
6895,34100000.0
6899,42398491.0
6903,66676000.0
6904,18500000.0
6907,62525150.0
6910,30521000.0
6913,43848863.0
6922,27155385.0
6925,20000300.0
6929,45090000.0
6945,96993410.0
6953,30014600.0
6961,26834000.0
6967,24904477.0
6968,49447333.0
6971,38668000.0
6982,40749145.0
6983,18020000.0
6986,46000000.0
6996,41997833.0
6997,22100500.0
7402,35280646.0
7547,33628000.0
7556,27706319.0
7584,16462808.0
7642,30150000.0
7703,34745000.0
7704,33769804.0
7708,25500000.0
7709,39102740.0
7712,32561873.0
7713,45478843.0
7714,21000000.0
7715,32747000.0
7716,22500000.0
7717,24831518.0
7718,46356484.0
7723,49619550.0
7728,13854080.0
7734,28000000.0
7738,27355799.0
7743,36483338.0
7744,32000000.0
7747,27426000.0
7751,26888600.0
7753,25000000.0
7757,24100000.0
7767,30100000.0
7770,30062053.0
7772,26498600.0
7777,182500000.0
7782,23213000.0
7792,46662000.0
7794,28000000.0
7805,33125101.0
7810,20250000.0
7811,33377000.0
7819,25263500.0
7820,37768096.0
7828,40493911.0
7839,15096025.0
7842,18250000.0
8024,45160100.0
8027,109750596.0
8032,51810300.0
8034,56586353.0
8038,62278190.0
8040,96413874.0
8042,129462549.0
8043,79907170.0
8044,204768065.0
8047,41666343.0
8048,57705752.0
8049,118279808.0
8050,205204891.0
8054,106232566.0
8059,193849750.0
8064,184817836.0
8066,36642304.0
8067,20700000.0
8068,80765949.0
8069,1154360555.0
8071,60084283.0
8074,80974466.0
8076,292213592.0
8077,21945669.0
8080,67163821.0
8083,35133193.0
8084,69514149.0
8085,139983060.0
8086,196516123.0
8087,38669142.0
8088,60921749.0
8089,65998718.0
8091,53608456.0
8092,57172325.0
8093,56567567.0
8096,149343066.0
8097,63802468.0
8099,100072800.0
8102,23358350.0
8107,75000000.0
8109,82161236.0
8111,109102223.0
8121,212993743.0
8147,41634666.0
8155,60693426.0
8171,112853326.0
8176,71701000.0
8182,107041215.0
8183,121251068.0
8227,39543000.0
8234,141226472.0
8240,100004414.0
8255,101797480.0
8272,18997755.0
8277,91628833.0
8279,27100851.0
8284,47342000.0
8289,68333765.0
8291,17478450.0
8299,221085747.0
8342,33536692.0
8349,208821391.0
8354,78532263.0
8358,252588000.0
8383,113760482.0
8390,96116128.0
8401,70669058.0
8403,137640343.0
8409,32000000.0
8410,36589200.0
8415,1031500000.0
8416,28210710.0
8421,54817140.0
8423,41714030.0
8424,36054368.0
8426,50242500.0
8431,48778331.0
8432,38398140.0
8433,54506098.0
8435,35200450.0
8436,117728830.0
8437,47014070.0
8440,50255299.0
8444,125104845.0
8446,52914405.0
8450,51309947.0
8455,25219056.0
8472,17735800.0
8477,64170616.0
8489,59948960.0
8905,119440000.0
8906,44037370.0
8908,315332742.0
8916,150327646.0
8917,162652459.0
8921,46592159.0
8923,30375800.0
8924,83800000.0
8927,419068367.0
8928,50854015.0
8929,50580862.0
8930,81809406.0
8931,122254862.0
8932,357963284.0
8933,326724305.0
8935,113495000.0
8936,248078157.0
8937,431680272.0
8938,156986490.0
8941,34972071.0
8942,198842255.0
9949,44860763.0
9950,167716000.0
9951,73300000.0
9960,33592500.0
9962,90220260.0
